index_code,名称,trade_year,trade_week,trade_date,total_mv,total_earnings,total_earnings_ttm,total_book_value,pe,pb,pe_ttm
000015.SH,红利指数,2019,1,20190104,1086452503.5835001,146683743.3533793,158014497.4509054,1189749499.8426638,7.4067683217362505,0.9131775249556113,6.875650785910055
000015.SH,红利指数,2019,2,20190111,1092621284.5017002,146683712.90482715,158014513.20826045,1189754128.2807364,7.44882484131436,0.9183588932619222,6.914689431480537
000015.SH,红利指数,2019,3,20190118,1117312151.1119,146683704.34050727,158243137.00965205,1194384213.675978,7.617152540122687,0.9354712983631358,7.060730545576518
000015.SH,红利指数,2019,4,20190125,1139008454.873,146683645.62702647,158405605.7678545,1198238285.21346,7.765067809735004,0.9505692389640942,7.190455472530636
000015.SH,红利指数,2019,5,20190201,1167045004.1959,146683380.63603583,157364692.49338588,1197812014.841339,7.9562183468601555,0.9743139906227151,7.416180756334217
000015.SH,红利指数,2019,7,20190215,1151768689.8383,146683355.83371255,157364292.06230733,1197834773.9234676,7.8520748539732175,0.9615422050786857,7.319123511083855
000015.SH,红利指数,2019,8,20190222,1172810029.0137,146722404.05989772,157325479.8206981,1197904284.2130122,7.993394304900525,0.9790515356443538,7.454673142267463
000015.SH,红利指数,2019,9,20190301,1239502982.4303,146766173.74956402,157358333.7282856,1198068515.1871328,8.445426836195503,1.0345843887206194,7.8769452692005455
000015.SH,红利指数,2019,10,20190308,1184780166.8782,146766218.23568878,157384110.8108602,1198401096.5463555,8.072567250970428,0.9886340811040567,7.527952858608679
000015.SH,红利指数,2019,11,20190315,1195552202.0837,146748832.4248576,157352976.58341977,1198659806.3675892,8.146928206027669,0.997407434313405,7.597900135367855
000015.SH,红利指数,2019,12,20190322,1206625743.1408,148114039.25347075,157549136.16705078,1199553032.818026,8.146599398831297,1.0058961214129554,7.658726493183712
000015.SH,红利指数,2019,13,20190329,1200000697.8945,153105031.4026769,157474487.63036782,1209324197.0522528,7.837761351803093,0.9922903228261876,7.620286409257626
000015.SH,红利指数,2019,14,20190404,1251616840.6006,155428218.10271695,157177427.97097176,1219031753.2078245,8.05270018455369,1.0267303023953473,7.9630825924429445
000015.SH,红利指数,2019,15,20190412,1232180069.7918,155428268.39650914,157175981.39276093,1219525404.8024368,7.927644581669124,1.0103767128913672,7.839493406519622
000015.SH,红利指数,2019,16,20190419,1274104390.5654001,155834541.60838985,157028214.03676307,1217420922.3735938,8.176007561707388,1.0465602875308657,8.113856470832113
000015.SH,红利指数,2019,17,20190426,1214042081.5181,156140878.5534226,156750745.91136974,1222141704.0503004,7.775299414001461,0.993372599506786,7.745048193930418
000015.SH,红利指数,2019,18,20190430,1233052565.4147,157130836.8684937,158620240.4914306,1264140347.0120654,7.847298404237923,0.9754079666305685,7.773614272645837
000015.SH,红利指数,2019,19,20190510,1184502242.8288,157131126.97312316,158619937.04285204,1263921748.3487473,7.538304253564005,0.9371642226872787,7.4675495710781945
000015.SH,红利指数,2019,20,20190517,1170922292.4065,157130921.76982722,158619847.5238377,1263747794.7309256,7.451889667660209,0.92654744664129,7.381940600028201
000015.SH,红利指数,2019,21,20190524,1180392366.1473,157130587.88406396,158619915.14380664,1263608930.3176281,7.51217431336941,0.9341437353173736,7.441640383410512
000015.SH,红利指数,2019,22,20190531,1181924111.5801,157130773.8110319,158619989.10528862,1262872731.8937933,7.5219136450094854,0.9359012050309271,7.451293612153533
000015.SH,红利指数,2019,23,20190606,1190561193.9824,157131146.0160365,158619819.82074666,1260920548.2514727,7.576863175559692,0.9442000097733037,7.505753034695357
000015.SH,红利指数,2019,24,20190614,1199588058.6009,157130652.73802048,158619760.30700892,1257160668.2217255,7.634335107109492,0.9542042548131394,7.562664678594233
000015.SH,红利指数,2019,25,20190621,1221812073.345,157130642.20559928,158620083.2498115,1248421124.7750185,7.775772161271427,0.9786858369327788,7.702757736047601
000015.SH,红利指数,2019,26,20190628,1215318660.0104,157130926.89370024,158620339.45428833,1248076177.5057545,7.734433214618332,0.9737535912584924,7.661808467889669
000015.SH,红利指数,2019,27,20190705,1221674508.979,157130657.7567982,158620084.21621174,1239829608.8248196,7.774895914137066,0.9853567782890522,7.701890432196222
000015.SH,红利指数,2019,28,20190712,1187801747.4894,157131252.42881083,158627881.9266685,1224747631.344717,7.559296633415048,0.9698338801318993,7.487975840454735
000015.SH,红利指数,2019,29,20190719,1188104947.2483,157130320.2551546,158967171.16898042,1222616855.4396899,7.561271085803217,0.9717720984805348,7.473901299944233
000015.SH,红利指数,2019,30,20190726,1203016601.1038,157130813.87049067,159316187.55600023,1221071798.4277263,7.656146948334033,0.9852136480859075,7.551125968796707
000015.SH,红利指数,2019,31,20190802,1179407982.0649,157131036.6435963,159341516.620285,1220010076.1372833,7.505888125335966,0.9667198698875217,7.4017619957481635
000015.SH,红利指数,2019,32,20190809,1154441450.9383,157130907.9217928,159405058.25555736,1220007294.5024726,7.347004266741006,0.946257826605118,7.242188319316099
000015.SH,红利指数,2019,33,20190816,1155388170.2167,157130978.50811896,159351913.83200198,1219837111.1445568,7.353025998988488,0.9471659450765643,7.2505446745671165
000015.SH,红利指数,2019,34,20190823,1157584315.2215002,157130756.6128132,159150420.0392194,1221187013.0004528,7.367012927163014,0.9479173156102594,7.27352346878027
000015.SH,红利指数,2019,35,20190830,1142585521.6865,157130683.1881183,159481641.28701243,1224618689.772324,7.2715621068011655,0.9330132973055676,7.16437022133624
000015.SH,红利指数,2019,36,20190906,1178929240.5891001,157130807.6045685,160118951.71333736,1234174834.838903,7.502852295877993,0.9552368167861613,7.362833868034245
000015.SH,红利指数,2019,37,20190912,1185131679.4703,157131085.85805967,160118901.5399447,1234197456.2483575,7.5423120320116555,0.9602447918445685,7.401572631789797
000015.SH,红利指数,2019,38,20190920,1171023417.6371,157130901.35231686,160118938.13242143,1232749086.6557739,7.452534209114263,0.9499284406803946,7.3134598024166335
000015.SH,红利指数,2019,39,20190927,1163425763.3307,157130865.4185347,160119191.93416032,1232708424.8439283,7.404183514370599,0.9437963916552284,7.265998218433996
000015.SH,红利指数,2019,40,20190930,1156400100.1322,157131391.98523387,160118619.85147408,1232679489.6204407,7.359446674034877,0.9381190405693144,7.222146313807076
000015.SH,红利指数,2019,41,20191011,1188492067.7911,157131335.50317982,160118985.757435,1232684403.358789,7.56368590634838,0.9641495134948778,7.422555558724012
000015.SH,红利指数,2019,42,20191018,1185481564.8601,157130655.52499965,160256585.1380802,1235604367.29216,7.544559404396354,0.9594345862163756,7.397396892231704
000015.SH,红利指数,2019,43,20191025,1209413501.0882,157130840.1432126,160457624.8518045,1237103549.9646802,7.69685632677782,0.9776170322385134,7.537276600006953
000015.SH,红利指数,2019,44,20191101,1205318731.6419,157130888.80000058,161375068.8237624,1304409802.1117463,7.67079433488125,0.924033788837354,7.469051696939804
000015.SH,红利指数,2019,45,20191108,1205203275.3167999,157130977.64260003,161375476.2351717,1304949886.6027293,7.670055220162109,0.9235628798393116,7.468317388947394
000015.SH,红利指数,2019,46,20191115,1178802251.5411,157130869.0586171,161374549.32310134,1305932408.9528632,7.502041187727106,0.9026518091286975,7.304759371819669
000015.SH,红利指数,2019,47,20191122,1178637613.7143,157130786.64349043,161375041.21358642,1305930967.2549126,7.500997346805609,0.9025267363035389,7.303716887386106
000015.SH,红利指数,2019,48,20191129,1183186662.6358,157131072.4098166,161374539.90075538,1305906992.6302252,7.529934369377355,0.9060267456358018,7.331928960810388
000015.SH,红利指数,2019,49,20191206,1182615056.5451,157130817.7744254,161374673.3121056,1305941777.442486,7.526308799861553,0.9055649164246011,7.328380794041152
000015.SH,红利指数,2019,50,20191213,1203855368.7064002,157130597.66810423,161375094.8287346,1305921106.3395002,7.661495511200295,0.9218438716262191,7.459982409206557
000015.SH,红利指数,2019,51,20191220,1216425865.0898,157131009.41402528,161375060.44361427,1305947601.0329144,7.741475534498944,0.9314507443695987,7.537880151653475
000015.SH,红利指数,2019,52,20191227,1217402480.4463,157130977.2264766,161375010.89735243,1305936109.0134873,7.747692415173037,0.9322067688027509,7.543934303562443
000015.SH,红利指数,2020,1,20200103,1109447855.5314,150170031.629476,152351305.2475022,1240320931.3617828,7.387944475291919,0.8944845059683919,7.282168365601117
000015.SH,红利指数,2020,2,20200110,1095706123.0072,150169997.7241386,152748501.4897594,1244221624.881181,7.296438300678447,0.8806358136652996,7.173269212599501
000015.SH,红利指数,2020,3,20200117,1081284567.9118,150169567.86126336,152696479.240473,1245843640.9435024,7.200424049370392,0.8679135425798067,7.081267186317677
000015.SH,红利指数,2020,4,20200123,1051732672.0811,150169983.0411133,152737581.0051771,1246018528.247835,7.003614509253546,0.8440746652138938,6.885880116468854
000015.SH,红利指数,2020,6,20200207,1008313436.5983,150169846.205191,152737251.13074574,1245066743.7957942,6.7144867100719265,0.8098468950542264,6.601620947958309
000015.SH,红利指数,2020,7,20200214,1018980548.3742,150170220.43274066,152736995.5167005,1245036117.6578913,6.785503446940657,0.8184345288641607,6.671471734317198
000015.SH,红利指数,2020,8,20200221,1035984093.8083,150170123.10978496,152736844.07655647,1245047111.4298904,6.898736395460784,0.832084251509576,6.782804110375833
000015.SH,红利指数,2020,9,20200228,1004165179.2192,150048224.62310156,152719465.2937661,1245068482.285808,6.692282975966633,0.8065140138923634,6.57522718068467
000015.SH,红利指数,2020,10,20200306,1031363817.3821,150048339.05945694,152719164.7841221,1245065543.400311,6.873543711626292,0.8283610632781747,6.753335894941515
000015.SH,红利指数,2020,11,20200313,997088134.831,150048285.37328267,152718918.61229852,1245108837.1739972,6.645115153102174,0.8008039980617874,6.528910392315363
000015.SH,红利指数,2020,12,20200320,961624538.2483001,149954446.44925138,152562340.68944365,1245131117.6594763,6.412777753634265,0.7723078514461231,6.303158000215701
000015.SH,红利指数,2020,13,20200327,984817902.4765999,150235847.12394014,152588735.68918908,1246183232.2934678,6.555145934406415,0.7902673354576817,6.454066861675782
000015.SH,红利指数,2020,14,20200403,975028046.1107,154167035.4873742,153854869.77559423,1265801624.7970228,6.324491114642675,0.7702850328281498,6.337323267913663
000015.SH,红利指数,2020,15,20200410,975215363.4815,154190730.46226916,153875826.85802352,1265857011.195618,6.324734052155863,0.7703993064433058,6.3376774857645515
000015.SH,红利指数,2020,16,20200417,982940182.9783,153723821.6825064,153622603.93900898,1264936017.653409,6.394195591939004,0.7770671158544119,6.398408553005295
000015.SH,红利指数,2020,17,20200424,963808595.4822999,153890095.99371192,153733217.8934756,1267744519.042298,6.262967017199612,0.7602545946800048,6.269358104181099
000015.SH,红利指数,2020,18,20200430,989060085.2006999,153328851.77638552,148823236.4713753,1306742293.237284,6.450580394635336,0.7568899317939977,6.64587136156615
000015.SH,红利指数,2020,19,20200508,982057308.0309,153328649.42989862,148823262.1728091,1306677353.0962677,6.40491722637845,0.7515683238129468,6.598815895397889
000015.SH,红利指数,2020,20,20200515,971733464.8069,153328809.91478494,148823288.53704885,1306580169.866858,6.337579123890397,0.743722801874393,6.529444916579649
000015.SH,红利指数,2020,21,20200522,960506056.9147999,153328626.3573677,148823225.26619527,1306007220.092389,6.264362237721476,0.7354523329869893,6.454006457639753
000015.SH,红利指数,2020,22,20200529,968852361.3016,153328593.86094972,148823080.68448225,1306530924.5241435,6.318797667838985,0.7415456788016475,6.51009478399154
000015.SH,红利指数,2020,23,20200605,981033318.4221,153328531.76061767,148823076.80926573,1305781516.0737624,6.398243739486962,0.7512997437518347,6.591943530904213
000015.SH,红利指数,2020,24,20200612,971990754.3722,153328798.50481972,148823517.12455174,1303556008.8094487,6.339257620554866,0.745645563215906,6.53116371089881
000015.SH,红利指数,2020,25,20200619,966888627.4911,153328967.16613576,148823265.09521097,1299936229.0734963,6.305974959339888,0.7437969693176646,6.496891644411407
000015.SH,红利指数,2020,26,20200624,967915406.8743,153328678.93775144,148823256.32050672,1298752984.3005583,6.312683403913337,0.7452652032946585,6.503791348240568
000015.SH,红利指数,2020,27,20200703,1005834709.4114,153328545.51909378,148823150.85897344,1296172618.9338243,6.559996418189103,0.7760036701274836,6.75859033763195
000015.SH,红利指数,2020,28,20200710,1010389379.7243,153328416.86133605,148854252.67446387,1280723179.6214423,6.589707246752928,0.7889209751188794,6.787776375687207
000015.SH,红利指数,2020,29,20200717,967409114.9424,153329016.25089565,148853508.13565466,1268523275.710619,6.309367519578989,0.76262622331503,6.499068292436689
000015.SH,红利指数,2020,30,20200724,951695136.3129,153328924.03926125,148864261.02998906,1268115031.2404752,6.206885897596267,0.750480132217933,6.393039737866825
000015.SH,红利指数,2020,31,20200731,954041619.451,153328693.84225518,148864366.716416,1259387277.4955115,6.22219883013234,0.7575442729167956,6.408797756607748
000015.SH,红利指数,2020,32,20200807,959054166.4944,153328634.45938584,148870452.5825472,1259399963.4141157,6.254892765959102,0.7615167495276828,6.442206293170326
000015.SH,红利指数,2020,33,20200814,969289648.1439,153328781.91233966,148847655.76343837,1259415910.1422844,6.321641873461548,0.7696342727911013,6.51195776764116
000015.SH,红利指数,2020,34,20200821,969171098.0967001,153328389.17974067,148806495.70443445,1259332137.6945188,6.320884888189753,0.7695913326495252,6.512962310608452
000015.SH,红利指数,2020,35,20200828,969257671.1064,153328783.6573277,148288428.04388797,1261125684.6742113,6.321433249432018,0.7685654831118518,6.536300127340584
000015.SH,红利指数,2020,36,20200904,956955861.958,153328236.4613429,137372659.39838013,1265863027.2539597,6.241223952244879,0.7559710974685208,6.96613042325134
000015.SH,红利指数,2020,37,20200911,956306625.4090999,153328916.1972029,137372658.45384365,1265882390.6625261,6.236962010343522,0.7554466611298675,6.961404373858084
000015.SH,红利指数,2020,38,20200918,974557964.4988999,153328916.71859008,137372487.11923164,1265927499.6595457,6.355995890113411,0.7698371073864769,7.094273277974782
000015.SH,红利指数,2020,39,20200925,946523952.2778001,153328245.98315832,137373118.1284007,1265931075.0454364,6.173187113754415,0.7476899579574882,6.8901686528880965
000015.SH,红利指数,2020,40,20200930,950523045.8174,153328935.86216363,137372842.92154267,1278405050.5154076,6.19924113131445,0.7435225990652828,6.919293694462371
000015.SH,红利指数,2020,41,20201009,953481222.1013,153328531.27607608,137372554.09633788,1278421345.2959027,6.218550547415777,0.7458270511594186,6.940842210974937
000015.SH,红利指数,2020,42,20201016,973281868.1822,153328562.60545722,137371728.44765434,1278441537.7545166,6.347687943091428,0.7613033834082816,7.085023091582269
000015.SH,红利指数,2020,43,20201023,980231626.5665001,153328749.76366824,137371297.08935738,1278945151.5143602,6.393006061011849,0.7664375797553457,7.1356363908311815
000015.SH,红利指数,2020,44,20201030,962180289.6937,153328883.75939363,140755281.6366621,1301710340.0657232,6.275270947668086,0.7391662031701458,6.8358379060859615
000015.SH,红利指数,2020,45,20201106,993485885.5487,153328585.7691072,140594995.25759378,1316982580.9194813,6.4794563946788095,0.7543652436580256,7.066296234289606
000015.SH,红利指数,2020,46,20201113,989839257.6022999,153328495.78978044,140595060.09875074,1316995354.3375456,6.455677090574276,0.7515890275104223,7.040355876707614
000015.SH,红利指数,2020,47,20201120,1008144422.4143,153328805.80566558,140594791.15895128,1317023362.880155,6.57504907259278,0.7654719352962898,7.170567373826311
000015.SH,红利指数,2020,48,20201127,1053543392.9007,153328712.52943113,140594850.8443021,1316998511.1450958,6.871142237618897,0.7999579224920091,7.493470682417934
000015.SH,红利指数,2020,49,20201204,1041975561.7504,153328854.19097012,140594576.0546604,1316981305.3083491,6.795691308386261,0.7911847780606414,7.411207394980162
000015.SH,红利指数,2020,50,20201211,999803297.4037,153328501.08999136,140595008.66778654,1316994799.1578307,6.520661783662105,0.7591550840163053,7.1112289609522765
000015.SH,红利指数,2020,51,20201218,993749841.8388001,153329258.86866656,140595161.6064285,1316992201.2555125,6.481149450347188,0.7545601567658794,7.068165294483095
000015.SH,红利指数,2020,52,20201225,980633170.8084,153329001.031382,140595210.5458363,1317008420.2754376,6.395614425269052,0.744591420761996,6.9748689660285255
000015.SH,红利指数,2020,53,20201231,984259352.9421,153329062.6437173,140594657.36679122,1317003929.5225775,6.419261527928152,0.7473473167987437,7.000688158258455
000015.SH,红利指数,2021,1,20210108,974662212.5848,159742159.99020603,145883517.91649798,1370277151.935054,6.101471350109186,0.7112883778354026,6.681098910314771
000015.SH,红利指数,2021,2,20210115,998812384.7663,159741744.42291248,146262581.381071,1380620261.9836798,6.252669822622995,0.723451923942651,6.8288989250367775
000015.SH,红利指数,2021,3,20210122,980494004.2471999,159742067.05874312,146546695.39612183,1375599253.6896842,6.137982450713096,0.7127759059313836,6.690659257766842
000015.SH,红利指数,2021,4,20210129,975166838.0428,159742021.24749643,147027145.80811086,1375573568.7792468,6.104635652080078,0.7089165277493752,6.632563209215234
000015.SH,红利指数,2021,5,20210205,993430179.1314,159741725.2507856,147026716.96636283,1375605395.485056,6.218977399748063,0.7221767102629776,6.756800394030968
000015.SH,红利指数,2021,6,20210210,1008714256.8055,159742015.92871702,147026852.79832873,1372031603.3549147,6.314645842804606,0.7351975379714104,6.860748479661167
000015.SH,红利指数,2021,7,20210219,1023564950.8271999,159741963.2564144,147027200.0842904,1372033093.6095018,6.407614692854345,0.7460205993533561,6.96173871392771
000015.SH,红利指数,2021,8,20210226,1026091003.2630999,159741711.50744507,147027164.94109327,1372051507.8039594,6.423438146368408,0.7478516640424182,6.978921233189835
000015.SH,红利指数,2021,9,20210305,1046698374.6338999,159741865.69761932,147046636.35251883,1372038878.4159653,6.552436144793939,0.7628780722615712,7.118138847628054
000015.SH,红利指数,2021,10,20210312,1044804754.7709,159779148.59364638,147247802.60519898,1373228064.4537888,6.539055715136328,0.7608384811058159,7.095554135855134
000015.SH,红利指数,2021,11,20210319,1027784169.2466,159778984.77431124,147247099.10069904,1373251848.9143457,6.4325366111090965,0.7484309378932475,6.979996044225776
000015.SH,红利指数,2021,12,20210326,1022291675.2804,159201495.49383163,147345509.4049668,1375517372.1281557,6.421369800009256,0.7432052084509435,6.938057898125127
000015.SH,红利指数,2021,13,20210402,1033195233.7934,155763630.75493538,155387998.6130342,1404529514.226322,6.633096755550962,0.7356166056521286,6.649131483869527
000015.SH,红利指数,2021,14,20210409,1035034335.5094,155763011.72853374,155390923.71290433,1404539984.3188796,6.644930166818258,0.7369205199318919,6.660841642345204
000015.SH,红利指数,2021,15,20210416,1034917329.7621,155736778.91109043,155421633.79915243,1404658991.2412238,6.6452981562751505,0.7367747874860343,6.65877268475699
000015.SH,红利指数,2021,16,20210423,1018017471.5076001,155809299.2164689,155528979.07190815,1407221549.822819,6.533740133785266,0.7234237363944412,6.545516324883249
000015.SH,红利指数,2021,17,20210430,996465522.8523,155867304.72147027,163035053.81107005,1454584700.4033847,6.393037491941951,0.6850515632234828,6.111971012117642
000015.SH,红利指数,2021,18,20210507,1015959433.36,155867370.67344895,163034288.90287578,1454598861.7605968,6.518102082369074,0.6984464652545633,6.231569077871933
000015.SH,红利指数,2021,19,20210514,1021207470.5679,155867271.22905326,163034253.5049427,1454360950.6336849,6.551776152334086,0.7021692036787333,6.263760213659274
000015.SH,红利指数,2021,20,20210521,1003591276.8976,155867326.0233356,163034466.04853356,1453977312.2763114,6.438753409725832,0.6902386085560043,6.1557000873597
000015.SH,红利指数,2021,21,20210528,1023132136.9992,155867167.12453902,163034132.22432294,1453920421.0510345,6.564128647964134,0.7037057339490294,6.275570170738515
000015.SH,红利指数,2021,22,20210604,1008748179.388,155867063.18635428,163034278.18326822,1447940157.9615746,6.471849528478914,0.6966780870337392,6.187337967381667
000015.SH,红利指数,2021,23,20210611,1006669272.8727001,155866739.2274606,163034843.49220216,1447854270.0871694,6.458525262427156,0.6952835611087382,6.17456521139819
000015.SH,红利指数,2021,24,20210618,980440490.0443,155867073.96376252,163034913.33521497,1461549734.3445415,6.29023478218525,0.6708225296787429,6.013684247057089
000015.SH,红利指数,2021,25,20210625,993714052.3156,155867242.0669189,163034943.19497228,1464682800.5124886,6.375387407502637,0.6784500043066677,6.0950985895534355
000015.SH,红利指数,2021,26,20210702,980057832.4489,155866602.36772907,163034678.74800476,1459008813.3481596,6.28779878152918,0.671728521090867,6.0113458067637895
000015.SH,红利指数,2021,27,20210709,956341044.7689999,155866965.72780284,163034272.19347173,1448461216.7201521,6.135623673069374,0.6602462211135395,5.865889618804298
000015.SH,红利指数,2021,28,20210716,932466399.3609,155866494.72653407,163034627.68696406,1422269836.649232,5.982468528575698,0.6556184876687855,5.719437720625152
000015.SH,红利指数,2021,29,20210723,919562313.0613,155866534.094758,163060457.32607105,1407111082.574119,5.899677685155034,0.6535108169136763,5.639394909965551
000015.SH,红利指数,2021,30,20210730,885617563.5835,155866641.31664988,163059809.9802976,1404326171.869452,5.6818929060281045,0.6306352336968538,5.431243687150798
000015.SH,红利指数,2021,31,20210806,883613838.4562,155866784.79637116,163060521.554356,1405562863.4786537,5.669032306084831,0.6286547983128465,5.418931756339615
000015.SH,红利指数,2021,32,20210813,907050470.4031,155866663.30499244,163060128.53117883,1405362065.004877,5.819400063939439,0.6454211999809119,5.562674815564507
000015.SH,红利指数,2021,33,20210820,908485132.1752,155867456.65767276,163351961.3981961,1405532737.1492028,5.828574813859188,0.6463635518144183,5.561519582618446
000015.SH,红利指数,2021,34,20210827,912177231.2727001,155866710.92961913,164634532.56583017,1410747457.6764393,5.85229024101618,0.6465914408062053,5.540619073388872
000015.SH,红利指数,2021,35,20210903,948368379.3576,155866966.97808295,173824622.9668766,1446368984.2928615,6.084473174427996,0.6556891012297689,5.455892054708024
000015.SH,红利指数,2021,36,20210910,981986567.3765,155866988.63605127,173824374.61861932,1446283984.1198683,6.300157435320922,0.6789721646361762,5.649303036648543
000015.SH,红利指数,2021,37,20210917,955653032.6344,155867154.78759128,173825024.0375876,1444363492.9812984,6.131202137722478,0.6616430263422435,5.497787432652685
000015.SH,红利指数,2021,38,20210924,941202282.9907,155866835.17172712,173824667.81534055,1444371367.746544,6.038502558634269,0.6516345477403985,5.414664643516357
000015.SH,红利指数,2021,39,20210930,938790249.1927,155867144.91840416,173825039.4503646,1444336990.9860325,6.023015624518901,0.6499800635527576,5.400776851028818
000015.SH,红利指数,2021,40,20211008,944488554.9114001,155867203.85240558,173825094.86867982,1444345496.6477866,6.059572068834693,0.653921487001195,5.4335569649764075
000015.SH,红利指数,2021,41,20211015,944958496.3727,155866611.47594345,173900742.77782854,1443752144.589222,6.062610121722865,0.6545157352071402,5.433895688300518
000015.SH,红利指数,2021,42,20211022,945031624.2964001,155867625.8877886,173848995.03208625,1444232832.8207936,6.063039832124872,0.6543485252655681,5.435933777598089
000015.SH,红利指数,2021,43,20211029,918947365.0297,155866956.147822,172771978.21213558,1460979703.2161705,5.895716370814244,0.6289939298997435,5.318844957029917
000015.SH,红利指数,2021,44,20211105,909301223.8707,155867268.04089677,176553523.51835024,1488889071.0657053,5.833817678976164,0.6107246278729466,5.150286472624212
000015.SH,红利指数,2021,45,20211112,914983093.7037,155867651.3490577,176553802.7681033,1488840719.7605622,5.87025650148947,0.6145607663463484,5.182460413528988
000015.SH,红利指数,2021,46,20211119,917507657.1641,155867438.17086408,176553663.60580823,1488860967.0807533,5.886461392650307,0.616248042933841,5.196763626568642
000015.SH,红利指数,2021,47,20211126,909279330.7793,155866910.32676813,176553138.72068697,1488916266.6035314,5.8336906074101025,0.6106987687450814,5.15017369483196
000015.SH,红利指数,2021,48,20211203,922884381.4077001,155867494.86919272,176553131.39123166,1488856654.3051536,5.920954732622116,0.6198611389075656,5.227233151490477
000015.SH,红利指数,2021,49,20211210,930446418.0522,155867139.22517967,176554122.41731367,1488913936.5759604,5.969484156041341,0.6249161856809117,5.270035076569565
000015.SH,红利指数,2021,50,20211217,926805430.6355,155867154.59527624,176553268.32585067,1488842200.2357237,5.946124012092462,0.6225007797930242,5.24943797089594
000015.SH,红利指数,2021,51,20211224,932245497.8443,155867200.40902668,176552966.92074272,1488865121.3776472,5.981024201357961,0.6261450311776349,5.280259596332918
000015.SH,红利指数,2021,52,20211231,930616350.9209,155867107.7427036,176553379.53002036,1488854417.621104,5.970575603783626,0.6250553042035107,5.27101975276923
000015.SH,红利指数,2022,1,20220107,897822777.2766,150015636.0509973,169541914.68300527,1436450748.5962024,5.984861317865481,0.6250285839274431,5.295580027837192
000015.SH,红利指数,2022,2,20220114,886620999.5301,150016036.7622739,169938046.30010164,1440867153.86231,5.910174796412618,0.6153384766621073,5.2173190102725675
000015.SH,红利指数,2022,3,20220121,901525802.8297,150015604.9631463,169951489.7782694,1431211058.1710172,6.009546827152909,0.6299041624103883,5.30460664984987
000015.SH,红利指数,2022,4,20220128,882757572.1022999,150016021.69735605,169951991.55941364,1430066877.2753117,5.884421957830509,0.6172841187568842,5.194158444408085
000015.SH,红利指数,2022,6,20220211,936779093.1551,150015167.2848896,169951750.0601295,1440536780.520903,6.244562533974242,0.6502986288322034,5.512029695626343
000015.SH,红利指数,2022,7,20220218,929600939.3235999,150015475.1879493,170027282.89162534,1441092730.9757047,6.196700294812482,0.6450667048290538,5.467363375536169
000015.SH,红利指数,2022,8,20220225,900306546.377,150015847.16861445,170063571.81559587,1441064007.4705215,6.001409606846906,0.6247512544271332,5.293941181908284
000015.SH,红利指数,2022,9,20220304,921500407.1152,150015905.19112286,170230050.82480374,1440457849.0451803,6.142684710272505,0.6397274364716915,5.413265182324265
000015.SH,红利指数,2022,10,20220311,898859286.2971,149993347.48240638,170203954.62846175,1440351015.4131377,5.992661017199663,0.6240557174455693,5.281071689898276
000015.SH,红利指数,2022,11,20220318,889532992.5021,150130103.59837705,170204442.29932815,1440397626.8068092,5.925080787806211,0.61756071792071,5.226261902951585
000015.SH,红利指数,2022,12,20220325,903999058.5917001,152526086.20036316,170226733.44471225,1440211715.3814063,5.926848850000503,0.6276848389282107,5.310558690156085
000015.SH,红利指数,2022,13,20220401,945672553.0353,171790749.64636582,173466420.38762367,1470296214.3157146,5.504793214896512,0.6431850560639729,5.45161738463343
000015.SH,红利指数,2022,14,20220408,952021678.4188,171790470.77476564,173466170.1934234,1470314450.2318923,5.541760693274978,0.6474952880104325,5.488226766967003
000015.SH,红利指数,2022,15,20220415,949938655.51,171880885.08546326,173486404.1218544,1470568625.9088976,5.5267265760102875,0.6459668993161622,5.475579831851126
000015.SH,红利指数,2022,16,20220422,941653646.0503,171920533.67136216,173399687.62106538,1473417881.3568313,5.477261069060751,0.6390947591752831,5.430538307013095
000015.SH,红利指数,2022,17,20220429,928138236.099,172284184.97680697,174004072.40859002,1483275478.6374648,5.387251512516641,0.625735576072212,5.334002953215828
000015.SH,红利指数,2022,18,20220506,900883021.0256,167981769.90690145,171950809.87754154,1443132433.6741152,5.362980884919153,0.624255265840027,5.239190333951804
000015.SH,红利指数,2022,19,20220513,904171396.797,167981100.26581398,171952100.23763496,1442963502.592435,5.382578131505483,0.6266072531790039,5.258274807620554
000015.SH,红利指数,2022,20,20220520,906738373.5548,167981382.19122505,171951519.17873603,1443066009.7903056,5.397850414890597,0.6283415778648682,5.273221067691094
000015.SH,红利指数,2022,21,20220527,917882793.8218,167981330.27039507,171951925.31048736,1442788137.6891053,5.464195290895176,0.6361868176237994,5.338019869009389
000015.SH,红利指数,2022,22,20220602,906871808.6382,167982338.27674586,171951511.0542444,1442556060.0632493,5.3986140325309435,0.6286561983583764,5.273997320977977
000015.SH,红利指数,2022,23,20220610,920625552.35,167981609.07880494,171951860.8226008,1438139900.6761677,5.480513952679835,0.6401502050789016,5.35397260573871
000015.SH,红利指数,2022,24,20220617,912102239.9886,167982274.94271356,171950582.1172328,1437246247.2663953,5.429752873031701,0.634617931146729,5.304444037105645
000015.SH,红利指数,2022,25,20220624,905420102.8278,167981851.244559,171950896.57055044,1436002805.6968877,5.3899876452107325,0.6305141600251974,5.265573607848631
000015.SH,红利指数,2022,26,20220701,919458861.1707,167981489.62641105,171951662.58300775,1434371437.9901528,5.473572494300212,0.6410186628221275,5.347193783176371
000015.SH,红利指数,2022,27,20220708,905077662.4320999,167981194.72466046,172029821.80560583,1422227402.5816877,5.387970146989496,0.6363804134199387,5.261167237938781
000015.SH,红利指数,2022,28,20220715,845121835.3564,167980889.51215824,172151075.16097566,1388006872.8078926,5.031059412834168,0.6088743880977665,4.9091870879466795
000015.SH,红利指数,2022,29,20220722,855219150.8568,167981826.50678024,172151418.33423668,1387724578.4322093,5.091140920665492,0.6162744136325591,4.9678309893234145
000015.SH,红利指数,2022,30,20220729,853789813.9312999,167981251.80481255,172151508.7996218,1386036969.850434,5.082649431160147,0.6159935358891845,4.95952559396433
000015.SH,红利指数,2022,31,20220805,842854901.7831,167981119.13440344,172147362.420601,1385695436.342202,5.017557366722405,0.6082540792715393,4.896124401393878
000015.SH,红利指数,2022,32,20220812,854169160.0771,167981742.74231255,172147033.13654017,1385742273.517488,5.084892834975602,0.6163982844435614,4.961858154125764
000015.SH,红利指数,2022,33,20220819,855601164.6967,167981802.3597756,172147786.98942044,1386256485.6507766,5.093415790742697,0.6172026414686449,4.970154886448131
000015.SH,红利指数,2022,34,20220826,863974129.1996,167980825.97403592,171824613.06427678,1387233398.443547,5.143290159396768,0.6228037258683108,5.028232648348239
000015.SH,红利指数,2022,35,20220902,865304232.6509,167981766.93155074,174844823.77229553,1431276917.0602417,5.1511794908282775,0.6045680066078225,4.948983984666345
000015.SH,红利指数,2022,36,20220909,886685373.2204,167981208.5712405,174845440.67975628,1431185221.8141477,5.278479544004224,0.6195462052748502,5.071252471744097
000015.SH,红利指数,2022,37,20220916,869643143.3568,167981135.06080037,174845172.09414452,1431215191.3042743,5.1770286171839155,0.6076257076088533,4.973789856139378
000015.SH,红利指数,2022,38,20220923,878451423.1978,167981644.8458297,174845055.71248168,1429303076.5427117,5.229448872250452,0.6146012260203438,5.024170798643235
000015.SH,红利指数,2022,39,20220930,869143899.1385,167980944.53703433,174845113.50219166,1429289913.6661277,5.17406246008387,0.6080948944144904,4.97093617161686
000015.SH,红利指数,2022,41,20221014,865571576.8766999,167981451.80537024,174845579.27306712,1428881738.7614975,5.152780664615189,0.6057685205123734,4.950491630817177
000015.SH,红利指数,2022,42,20221021,863206009.3171,167981125.31086197,174846217.8461976,1428875262.1837256,5.138708338330696,0.6041157210587278,4.936944132680146
000015.SH,红利指数,2022,43,20221028,837685135.9927,167982228.94147098,174072624.1194689,1432693593.8637571,4.9867485463868295,0.5846924559309227,4.812273843920357
000015.SH,红利指数,2022,44,20221104,827021383.0892,167981679.37243825,175578750.4079446,1475744238.9692214,4.9232832186156505,0.5604096978666563,4.710258964525464
000015.SH,红利指数,2022,45,20221111,842490843.6411,167981919.38398874,175578986.4404276,1475680346.1971157,5.015366217570451,0.5709168966112688,4.798358053666917
000015.SH,红利指数,2022,46,20221118,834086196.3493,167981711.97635823,175579556.93365103,1475739173.351402,4.965339301141838,0.5651989263489504,4.7504744340167635
000015.SH,红利指数,2022,47,20221125,868179207.6043,167981459.49115023,175578343.9792894,1475730232.741238,5.168303753486785,0.5883048190939454,4.944682743486334
000015.SH,红利指数,2022,48,20221202,857784986.4981,167981057.90672165,175577958.82155168,1475718425.7072802,5.106438768676051,0.5812660271467317,4.885493556568272
000015.SH,红利指数,2022,49,20221209,872571696.0444,167981169.14341918,175578754.9330996,1475686883.549802,5.194461382152988,0.5912986730256806,4.969688367917144
000015.SH,红利指数,2022,50,20221216,868915644.889,167980929.58858573,175578441.7225964,1475749781.1789424,5.1727041100268005,0.5887960519938844,4.9488743399479285
000015.SH,红利指数,2022,51,20221223,848718820.7531,167981275.60585,175578775.27920452,1475723326.5094998,5.052460863224586,0.575120556480298,4.833834951881123
000015.SH,红利指数,2022,52,20221230,856877997.9805,167981579.3647595,175579135.38810864,1475559312.4423862,5.101023583781488,0.5807140321334641,4.8802951221192385
000015.SH,红利指数,2023,1,20230106,859487800.0924,168528241.6229891,175926458.10558876,1468360195.2146623,5.099963019937879,0.5853385313041326,4.88549482179961
000015.SH,红利指数,2023,2,20230113,865811846.6803,168527969.87748396,176038037.14526555,1469170625.469172,5.137496448273398,0.5893201454417913,4.918322543927465
000015.SH,红利指数,2023,3,20230120,867638591.3131001,168528551.33872265,175950346.71431723,1469170054.7109056,5.148318100529139,0.5905637598118816,4.931155905716096
000015.SH,红利指数,2023,5,20230203,858883629.647,168528369.10305077,175949985.99828577,1469177304.294643,5.096374184466324,0.5846017544215693,4.88140777490808
000015.SH,红利指数,2023,6,20230210,859786049.0174,168527862.29974422,175951118.91452712,1469241735.0543528,5.10174422961695,0.5851903253929779,4.886505151666945
000015.SH,红利指数,2023,7,20230217,853318914.0196,168529075.19580832,175950542.0479308,1469210774.2953122,5.063333511016762,0.5808008823164827,4.849765758534275
000015.SH,红利指数,2023,8,20230224,865632104.6819,168528195.56602508,175949840.7746301,1469166893.4049573,5.136423028648445,0.5891992996627508,4.919766342901482
000015.SH,红利指数,2023,9,20230303,889089347.0935,168527641.1531497,175950716.3371473,1469176777.38365,5.275629214352671,0.6051615848957363,5.053058979253457
000015.SH,红利指数,2023,10,20230310,879867405.0338,168719372.40420535,175830329.16574338,1469795696.7243059,5.214975568578331,0.598632454153143,5.004070738014762
000015.SH,红利指数,2023,11,20230317,910712314.8694,168718950.69657618,175814765.37096766,1469927510.2068439,5.397806891931324,0.6195627393498114,5.179953532047236
000015.SH,红利指数,2023,12,20230324,905494058.7147,169303324.45881382,175816044.15224603,1471552262.3463483,5.348353681826126,0.6153325857899979,5.150235651591598
000015.SH,红利指数,2023,13,20230331,905180226.9365,175554833.27444977,176184531.7186671,1501148718.9240656,5.156111113850146,0.6029917059685329,5.137682735859577
000015.SH,红利指数,2023,14,20230407,916550745.0402,175834331.23827505,176183794.86861053,1501057348.2253745,5.212581289362496,0.6106034164009739,5.202242043450817
000015.SH,红利指数,2023,15,20230413,938620262.1556,176039443.01966974,176301547.2645842,1501024872.9301176,5.331874755197466,0.6253195926882544,5.3239479557542815
000016.SH,上证50,2019,1,20190104,1720269342.9238,184778806.95812365,202016254.5648857,1593523336.1266415,9.309884457223841,1.0795382181884066,8.51549963951671
000016.SH,上证50,2019,2,20190111,1755773680.6303,185921969.69428977,203098271.02939948,1608845847.830353,9.443605204469954,1.0913249911407548,8.644946467201304
000016.SH,上证50,2019,3,20190118,1797689959.9799001,185922072.75089484,203306537.59883225,1612036852.3906827,9.66905076616971,1.1151667887206735,8.842263417653253
000016.SH,上证50,2019,4,20190125,1819289723.115,185922041.16417277,203316907.51774296,1617269814.646613,9.785228861103842,1.1249141649951158,8.9480493547062
000016.SH,上证50,2019,5,20190201,1860926174.2446,185921686.51793304,201925553.54241806,1617690361.8191156,10.00919370460371,1.1503599317683777,9.215902304577213
000016.SH,上证50,2019,7,20190215,1862608000.2498,185921649.13348308,201925199.4507059,1622938334.0714343,10.018241603012752,1.1476763849536482,9.22424742090945
000016.SH,上证50,2019,8,20190222,1924176466.3794,186007039.51346532,201951607.4425822,1623007723.234144,10.34464325335443,1.1855621133737562,9.527908644780021
000016.SH,上证50,2019,9,20190301,2056790818.5348,186050723.22457495,201811111.3503586,1623174642.7716558,11.055000393909374,1.2671408019427421,10.191662910790196
000016.SH,上证50,2019,10,20190308,1963674419.1569,186050712.82487175,201810783.0071238,1623190834.8651743,10.554511666963045,1.2097618942753623,9.730275012547686
000016.SH,上证50,2019,11,20190315,1995297730.487,188247751.68965316,202484631.08947548,1626119289.9737797,10.599317721342377,1.2270303555154143,9.854070008924788
000016.SH,上证50,2019,12,20190322,2016771638.752,192355018.01552016,202680779.28800312,1625479399.931814,10.484632319751997,1.2407242065550632,9.950482950759874
000016.SH,上证50,2019,13,20190329,2018944995.9323,196594167.18444052,201637243.66703972,1636032519.4046588,10.269607816177823,1.2340494287161117,10.012758353641011
000016.SH,上证50,2019,14,20190404,2101417355.7489,198493072.18371385,200714708.59713736,1647210795.4256964,10.586854909495017,1.275742826348962,10.469672952403005
000016.SH,上证50,2019,15,20190412,2073134851.0472,199023161.37851986,201093014.28190687,1647422618.751329,10.416550700369635,1.2584110643196955,10.309333014129114
000016.SH,上证50,2019,16,20190419,2159008719.1799,199367316.60189947,201143941.33047727,1647324785.2100904,10.829301191283276,1.3106150885142862,10.733650265073969
000016.SH,上证50,2019,17,20190426,2054359251.6774,200567896.87701288,202610313.54256016,1657746301.3021095,10.242712236929531,1.2392482794645738,10.139460404348386
000016.SH,上证50,2019,18,20190430,2081952214.4545,201001298.24431533,207187230.94849974,1708671108.5808377,10.357904315244298,1.218462818267991,10.048651188219258
000016.SH,上证50,2019,19,20190510,1978563848.8023,201001618.45660162,207187019.5885953,1708697186.3623893,9.843521977558071,1.1579370906640423,9.549651579191938
000016.SH,上证50,2019,20,20190517,1942194732.715,201001486.07546005,207186851.4737601,1708732253.0268552,9.662588922282199,1.1366290589263404,9.374121566594567
000016.SH,上证50,2019,21,20190524,1936993720.3446,201001017.22899476,207186877.57802987,1706717755.3442209,9.636735908345369,1.1349232843446546,9.349017384631887
000016.SH,上证50,2019,22,20190531,1950565234.7131,201001280.5310064,207186929.06124783,1705060676.9157495,9.704242826513767,1.1439858188750436,9.414518780460718
000016.SH,上证50,2019,23,20190606,1945431570.7815,201001586.69923365,207186915.99054113,1703641361.6758747,9.67868762992664,1.1419255334748248,9.389741439417518
000016.SH,上证50,2019,24,20190614,1976920759.3308,201001074.48552337,207186701.6867175,1699567630.9083836,9.835374086386702,1.163190404064225,9.541735754450393
000016.SH,上证50,2019,25,20190621,2050941766.2942,201001079.89638692,207187143.99852943,1691949873.5935042,10.203635559328488,1.21217643519086,9.898981793526518
000016.SH,上证50,2019,26,20190628,2043294747.2254,201001413.56785846,207187295.36431968,1686514464.8158917,10.165574017396548,1.2115489015082097,9.862065835805499
000016.SH,上证50,2019,27,20190705,2100951864.8952,199488169.53886878,206016514.3483715,1682802949.0818632,10.531711578444481,1.2484835886706038,10.197977922015102
000016.SH,上证50,2019,28,20190712,2054743154.9573,199488693.88056946,206016304.52774587,1667742644.4423637,10.300048163067528,1.2320504976020061,9.973691935050564
000016.SH,上证50,2019,29,20190719,2048826939.8907,199487800.29360607,206436893.29600644,1668191026.982331,10.270437274235503,1.2281728571558854,9.924713103257764
000016.SH,上证50,2019,30,20190726,2073046056.3176,199488094.57457712,206883722.40402007,1671725111.2009952,10.391828448402004,1.240063956943429,10.020343950836208
000016.SH,上证50,2019,31,20190802,2013163140.158,199488392.72011834,206945442.9575466,1672950365.8000927,10.091630458833071,1.2033609492025783,9.727989712588096
000016.SH,上证50,2019,32,20190809,1965309448.1461,199488317.56948587,206945499.73100597,1672399364.4712803,9.851752082983719,1.1751436229273033,9.496748905874584
000016.SH,上证50,2019,33,20190816,1989626332.7688,199488368.86439624,208874814.53022918,1675464732.1881144,9.973645802484173,1.1875071402848323,9.525448710719758
000016.SH,上证50,2019,34,20190823,2029762213.8615,199488157.0513628,209625929.6965647,1677680623.610261,10.174850697221546,1.2098621068255424,9.682782167261454
000016.SH,上证50,2019,35,20190830,2004791400.4308,199488108.08770725,211637597.91786763,1683947789.909764,10.049678748516529,1.1905306164737024,9.47275635404263
000016.SH,上证50,2019,36,20190906,2077635025.4642,199488291.0488931,212470636.21460485,1691995401.5712473,10.414821915312249,1.2279200188929793,9.778457214039193
000016.SH,上证50,2019,37,20190912,2090370360.9177,199488540.23228768,212470679.8867832,1692013448.2139468,10.47864884109954,1.235433656348447,9.83839446474013
000016.SH,上证50,2019,38,20190920,2067898014.0075,199488334.96119243,212470624.28543106,1690569082.6218154,10.366009693798786,1.223196398931243,9.732630197525589
000016.SH,上证50,2019,39,20190927,2043891917.0180001,199488192.3774284,212470871.0235809,1690344723.3837247,10.245678667291696,1.2091568593928854,9.61963353927777
000016.SH,上证50,2019,40,20190930,2025574883.7072,199488804.0349443,212470280.39216328,1690310090.0852156,10.153827396510842,1.1983451412782387,9.53345041936468
000016.SH,上证50,2019,41,20191011,2078232577.5049,199488852.8635035,212470603.15966803,1690360043.7840827,10.417788000048763,1.2294614896673233,9.78127113397962
000016.SH,上证50,2019,42,20191018,2071266894.6025999,199488069.6001981,212623478.88591754,1691393804.8688874,10.382911112196872,1.2245917471378933,9.741477777785452
000016.SH,上证50,2019,43,20191025,2093346330.0530999,199488231.7114115,213886617.5144077,1695811788.6317062,10.493583065498456,1.2344213810084141,9.787177684981106
000016.SH,上证50,2019,44,20191101,2103623712.8116,199488352.0211652,217561829.009827,1774680706.2201967,10.545095447920744,1.1853533457812828,9.669084519033815
000016.SH,上证50,2019,45,20191108,2108141617.0475,199488438.03794333,217562096.4008037,1774657325.5146947,10.567738350061795,1.1879147521824172,9.689838680188927
000016.SH,上证50,2019,46,20191115,2062207284.0988,199488484.72087908,217561310.80219075,1774670157.7666504,10.337475303319916,1.162022855387394,9.478740850085163
000016.SH,上证50,2019,47,20191122,2043587074.6295,199488234.03454506,217561878.83067894,1774674481.678938,10.244148405642887,1.1515278411487362,9.39313029292211
000016.SH,上证50,2019,48,20191129,2033975313.164,199488463.7077146,217561272.5246792,1774661863.9369752,10.195954569804742,1.1461199197979914,9.348976909175205
000016.SH,上证50,2019,49,20191206,2052459507.65,199488248.2721974,217561488.14454788,1774760611.1994061,10.288623642879772,1.1564711852957574,9.43392842710446
000016.SH,上证50,2019,50,20191213,2099845631.2940001,199488059.3967711,217561871.4915672,1774756412.2875333,10.526172030765608,1.1831739932058902,9.651717081204604
000016.SH,上证50,2019,51,20191220,2114116812.6886,199488422.9150291,217561742.53428966,1775007414.963423,10.597691744693853,1.1910467499270503,9.717318808270699
000016.SH,上证50,2019,52,20191227,2113598737.9543,199488393.26383725,217561710.57881942,1774950676.884564,10.595096302965953,1.1907929417307186,9.71493895838153
000016.SH,上证50,2020,1,20200103,2144551428.2362,194067256.45662963,212893215.15208885,1725999735.6160803,11.05055776740713,1.2424981209343706,10.073366719104474
000016.SH,上证50,2020,2,20200110,2130596805.4322,194067328.11780447,213335368.80267906,1728945437.729538,10.978647596667411,1.2323100306913752,9.98707723613734
000016.SH,上证50,2020,3,20200117,2107867088.8549,194066816.84378743,213476426.2454962,1731325364.9149268,10.861553371855484,1.2174875569725598,9.874004010311046
000016.SH,上证50,2020,4,20200123,2043047015.5342,194067101.64997914,213608226.3145019,1737646072.056236,10.527528871014185,1.175755551368737,9.564458498551266
000016.SH,上证50,2020,6,20200207,1967051045.9262002,194066910.93373603,213607940.62565294,1737665192.2358057,10.135942477065798,1.1320080845926654,9.208698141860976
000016.SH,上证50,2020,7,20200214,1989920771.711,194067286.34900916,213607598.07030755,1737638650.7997508,10.253767181205086,1.145186757209352,9.315777105719013
000016.SH,上证50,2020,8,20200221,2039439781.8099,198267587.40080884,212790692.0740071,1740836809.9272425,10.28629948316797,1.171528411037642,9.584252778785068
000016.SH,上证50,2020,9,20200228,1941959772.5807,198267299.45104384,212785538.13116333,1740911610.0815427,9.794654882361014,1.115484417092112,9.126371038353437
000016.SH,上证50,2020,10,20200306,2023732251.1751,198267409.55097446,212785401.88512522,1740914511.5127301,10.207084743571027,1.162453548288607,9.510672411012653
000016.SH,上证50,2020,11,20200313,1929939421.2317,198267365.91794002,212785262.94662943,1742145226.5143645,9.734024620221534,1.1077947991127404,9.069892315407976
000016.SH,上证50,2020,12,20200320,1830467826.8835,198551294.3598352,212779703.79088044,1742271855.4791303,9.219118076189103,1.0506212455461583,8.602642988367354
000016.SH,上证50,2020,13,20200327,1871722392.4779,206835325.0375833,214310165.24569792,1742713202.4082835,9.049336191183958,1.0740277802976053,8.733707943027555
000016.SH,上证50,2020,14,20200403,1865965834.278,213786604.57346702,216580292.4289727,1766382344.1986213,8.728170027307616,1.056377086425509,8.615584609989119
000016.SH,上证50,2020,15,20200410,1880413732.7767,213787032.23023292,216580533.3638087,1766404770.6968877,8.795733366800436,1.0645429428017414,8.682284153479342
000016.SH,上证50,2020,16,20200417,1915942070.9243999,213693319.30714533,216367141.53036195,1765786351.1920245,8.965849176457318,1.0850361764496652,8.85505099051994
000016.SH,上证50,2020,17,20200424,1885683974.1592999,215075170.1459125,213555140.81891873,1770277300.9899707,8.76755774681012,1.0651912969255108,8.829962916969723
000016.SH,上证50,2020,18,20200430,1939386448.0632,216659185.05716425,207070076.50463685,1819635694.1096387,8.951323469399666,1.0658102906758797,9.365846001509407
000016.SH,上证50,2020,19,20200508,1938014245.2327,216658998.89771295,207069938.43198636,1817212294.9520574,8.944997692653688,1.066476520446297,9.359225486365107
000016.SH,上证50,2020,20,20200515,1907916523.6481001,216659098.85482338,207070110.91190636,1816820026.5429873,8.806076152502307,1.0501406280062036,9.213867299563013
000016.SH,上证50,2020,21,20200522,1881934806.5168,216659073.90694723,207070184.74822384,1816845333.3002484,8.686157346565004,1.0358255444332833,9.088391014887248
000016.SH,上证50,2020,22,20200529,1896184532.8497999,216658973.64293495,207070072.5260173,1817414990.2662084,8.751931669236138,1.0433415279424176,9.157211902804322
000016.SH,上证50,2020,23,20200605,1948840321.4031,216658833.6472918,207069815.90177009,1817220177.491144,8.994972827074758,1.0724293872268527,9.411513275926184
000016.SH,上证50,2020,24,20200612,1934919552.4586,216659284.65981567,207070342.15607855,1813360590.6370008,8.930702210600783,1.067035184534863,9.344262110699374
000016.SH,上证50,2020,25,20200619,1946799750.256,216659277.6974594,207070039.65159464,1816165120.0316296,8.985536049716226,1.0719288289283386,9.40164860900005
000016.SH,上证50,2020,26,20200624,1953380870.366,216658912.89638418,207070143.35771662,1811937770.4306335,9.015926666724265,1.0780617868028384,9.43342598160811
000016.SH,上证50,2020,27,20200703,1985960282.0140002,192098519.1550246,182852782.5293845,1615895211.2977421,10.33823837242243,1.2290155129669917,10.860979278206258
000016.SH,上证50,2020,28,20200710,2088705787.8641,192098734.21000648,182853221.5380461,1605661267.5691004,10.873084596073818,1.3008383711131724,11.422854737232536
000016.SH,上证50,2020,29,20200717,1976102284.1771,192099385.61230248,182860470.55551112,1591794659.1203046,10.286874566924935,1.2414304023794003,10.806612704068334
000016.SH,上证50,2020,30,20200724,1958521809.9354,192099034.24179292,183123894.46525386,1589852562.424195,10.195375617923359,1.2318889538719622,10.695064211333776
000016.SH,上证50,2020,31,20200731,2000642224.3952,192098881.34501818,183467952.1962501,1582832557.1287344,10.414647968730007,1.2639632760804305,10.904586879866482
000016.SH,上证50,2020,32,20200807,2016885093.667,192098948.94358593,183480282.93286303,1585055494.069266,10.499199005296497,1.2724381582938213,10.992380551347827
000016.SH,上证50,2020,33,20200814,2047860863.4468,192098817.2986486,183754948.75186518,1585728441.0253215,10.660455343996574,1.2914322594369732,11.144520881514564
000016.SH,上证50,2020,34,20200821,2049241770.9026,192098729.05359745,183637363.74253282,1584466503.3672388,10.667648771017332,1.2933323402846582,11.159176592056298
000016.SH,上证50,2020,35,20200828,2075450724.5109,192099187.04019615,180604329.41278777,1589189465.8025022,10.804057822881981,1.3059806707583779,11.491699735321776
000016.SH,上证50,2020,36,20200904,2030485995.1732,192098618.35487926,170262511.03001872,1600437496.1076376,10.570018736012559,1.268706838043639,11.925619931772344
000016.SH,上证50,2020,37,20200911,2013504819.8787,192098890.39939234,170262468.12980628,1600457997.4439797,10.481605675558182,1.2580803889226577,11.825887654486634
000016.SH,上证50,2020,38,20200918,2060341739.0529,192098885.3897867,170262544.83537984,1599004815.8019361,10.725422663813344,1.288515030531408,12.100968777630825
000016.SH,上证50,2020,39,20200925,1992815465.2602,192098397.16381517,170263064.1703353,1596857920.8012617,10.373930728640035,1.2479604098154564,11.70433220482006
000016.SH,上证50,2020,40,20200930,1992735714.8898,192098844.9948059,170262800.89451924,1596865506.4228072,10.373491391599366,1.2479045397841895,11.703881907383483
000016.SH,上证50,2020,41,20201009,2015429033.4792,192098767.06920275,170262605.4826373,1596867996.0824578,10.491629197979966,1.2621137366542405,11.83717956016317
000016.SH,上证50,2020,42,20201016,2070652100.2271001,192099019.28481293,170394657.03940865,1597118042.3326538,10.779087305787213,1.2964928360604024,12.152095237048439
000016.SH,上证50,2020,43,20201023,2058829769.1949,192099025.0046952,170458983.7641572,1596817954.7535968,10.717544085112243,1.2893328028194646,12.078153487313086
000016.SH,上证50,2020,44,20201030,2011077272.5842,192099033.23016077,176995572.10678983,1620580233.627796,10.46896092483014,1.2409612500840181,11.36230273247074
000016.SH,上证50,2020,45,20201106,2043785555.6155999,192098735.5881366,175203541.32540318,1653179942.4786823,10.639245226462684,1.2362753158928763,11.6652068796926
000016.SH,上证50,2020,46,20201113,2036090224.4563,192098713.07133624,175203672.4459714,1653182617.9252,10.59918721943855,1.2316184566540278,11.621275947193295
000016.SH,上证50,2020,47,20201120,2076170068.1864,192099055.90326157,175203145.9358023,1653221985.291115,10.80780984801888,1.255832602432279,11.850072994392162
000016.SH,上证50,2020,48,20201127,2136775691.9428,192098930.81144443,175203357.25515133,1652829210.479958,11.123308614560493,1.2927988435794349,12.195974583015444
000016.SH,上证50,2020,49,20201204,2142168054.8037,192099181.2597789,175203334.20965517,1652815087.294775,11.151364835370178,1.296072422904771,12.226753928325918
000016.SH,上证50,2020,50,20201211,2075611595.4536,192098651.66331744,175203447.11913976,1652661166.512386,10.804925372883043,1.2559208369576245,11.846865056497245
000016.SH,上证50,2020,51,20201218,2096493130.3677,192099074.9300482,175203735.95480606,1652676847.4481783,10.913603468060042,1.2685438981037327,11.966029827745752
000016.SH,上证50,2020,52,20201225,2090160091.8381,192099048.64963323,175204138.0345683,1652690872.6082346,10.880637392693775,1.2647011770201542,11.929855740197786
000016.SH,上证50,2020,53,20201231,2149027159.6509,192099195.24186787,175203337.89578784,1654070782.2959673,11.187070080877263,1.29923530640442,12.265903067036064
000016.SH,上证50,2021,1,20210108,2141563542.67,160310411.63630012,145972142.37822452,1353152870.4338837,13.358854991456289,1.5826471564763525,14.671042760481324
000016.SH,上证50,2021,2,20210115,2168247772.762,160310192.20793664,146862467.62824565,1373937266.6384916,13.525327010709269,1.5781272008633174,14.763797774735108
000016.SH,上证50,2021,3,20210122,2154990266.946,160310247.03173983,147146814.40951964,1368881792.189169,13.44262333099227,1.5742705317890568,14.645171053098812
000016.SH,上证50,2021,4,20210129,2094134314.492,160310268.1225769,147535993.73407292,1369295838.2210274,13.063007997034708,1.529351259266715,14.19405706695943
000016.SH,上证50,2021,5,20210205,2139921031.752,159679456.2588228,149810360.41582665,1374899095.1877236,13.40135470077894,1.5564204233182823,14.28419920900163
000016.SH,上证50,2021,6,20210210,2231618573.252,159679787.90314192,149810684.8869846,1371358275.8670516,13.975585780497456,1.6273052874100622,14.896257733121683
000016.SH,上证50,2021,7,20210219,2236308590.59,159679624.10918355,149810832.55371156,1371347912.6239634,14.004971536386432,1.6307375903690293,14.92754931315276
000016.SH,上证50,2021,8,20210226,2123217448.592,159679419.71017143,149810645.98978275,1371366722.3295,13.296750780067827,1.5482492130079937,14.172674008339873
000016.SH,上证50,2021,9,20210305,2108026525.338,159679601.03768057,149804371.1167922,1371564402.2420928,13.201601905559347,1.5369504500787674,14.07186258733743
000016.SH,上证50,2021,10,20210312,2079886223.39,159733484.53305712,149990283.5123729,1372761217.0085778,13.02097822175515,1.5151114393531149,13.866806400285439
000016.SH,上证50,2021,11,20210319,2021477119.261,159992017.74322715,150236634.59710646,1373273232.980403,12.634862337352914,1.472013777530496,13.455287551415461
000016.SH,上证50,2021,12,20210326,2029969762.184,156777226.80849734,150586203.14748746,1371021212.4915676,12.948116276247179,1.4806260790778867,13.480449866949648
000016.SH,上证50,2021,13,20210402,2077986327.156,154008721.98731762,154325651.15882826,1395039059.6175537,13.492653535084324,1.4895542263351926,13.464944495956711
000016.SH,上证50,2021,14,20210409,2031355776.387,154009013.3414601,154326023.9217771,1394930001.6421244,13.189849946530028,1.4562420866965864,13.162755864277493
000016.SH,上证50,2021,15,20210416,2008000503.4459999,154233251.73580647,154598755.5817225,1395920731.1535761,13.019245077485627,1.4384774569445693,12.988464854651111
000016.SH,上证50,2021,16,20210423,2030135655.838,155244185.18226936,155701535.7943398,1397582126.5897036,13.077047964498346,1.4526056231069697,13.038636038372342
000016.SH,上证50,2021,17,20210430,2007208692.715,154428119.7591915,169316536.25429115,1439038684.4380088,12.997689124525726,1.3948260838442157,11.854770580118865
000016.SH,上证50,2021,18,20210507,1976380675.976,154428133.1323922,169315697.63990933,1439017024.5610557,12.798061052008164,1.3734241098216728,11.672755116771572
000016.SH,上证50,2021,19,20210514,2037077216.879,154428315.9748176,169316040.4037176,1438998522.9404345,13.191086129639483,1.4156214786909287,12.031212234952978
000016.SH,上证50,2021,20,20210521,2021832184.879,154428069.68551093,169315819.42038018,1438560871.395719,13.0923878605516,1.4054547326296871,11.941188908398221
000016.SH,上证50,2021,21,20210528,2110378650.215,154428105.28284314,169315970.4189098,1438563815.620863,13.665767940037412,1.4670038459880153,12.46414407922447
000016.SH,上证50,2021,22,20210604,2088107146.547,154428209.1901087,169316060.22874463,1438555772.5485606,13.521539604052766,1.4515301988241216,12.332599422204746
000016.SH,上证50,2021,23,20210611,2074110714.283,154428108.73014396,169316106.10441878,1437838516.9130354,13.430914432212683,1.4425199282712275,12.249931574754484
000016.SH,上证50,2021,24,20210618,1999072708.046,154428213.80691588,169316005.38044268,1449278883.9421427,12.94499663478251,1.3793568168249155,11.806755678851543
000016.SH,上证50,2021,25,20210625,2053810863.198,154428096.69710708,169316299.4807143,1452510776.2632995,13.299463680021345,1.41397289215409,12.130024513274554
000016.SH,上证50,2021,26,20210702,2028836820.79,151706436.48791322,166471629.683771,1402941281.49264,13.373439306588958,1.4461309589745959,12.187282749883401
000016.SH,上证50,2021,27,20210709,1992417986.072,151706681.88751492,166625068.41990367,1393312306.4458907,13.133356825702027,1.4299866417991591,11.957492380744325
000016.SH,上证50,2021,28,20210716,1986757883.499,151706330.19017413,166625508.85120922,1361199197.1608946,13.096077671963094,1.4595643956026843,11.923491770237327
000016.SH,上证50,2021,29,20210723,1977045469.819,151706275.0340649,166777129.36429912,1360241384.8464108,13.032061260320736,1.4534519327554754,11.854415994296476
000016.SH,上证50,2021,30,20210730,1852144192.732,151706372.76259765,167548460.5550207,1358698659.8197677,12.20874350236021,1.3631751082890509,11.054379053060774
000016.SH,上证50,2021,31,20210806,1875980100.069,151706401.44697043,167941534.77123225,1359570098.6072989,12.365859859412433,1.379833303182157,11.170435607989623
000016.SH,上证50,2021,32,20210813,1896271923.909,151706634.51594096,167953770.24605235,1359160849.1595879,12.49959785845585,1.395178447850028,11.290439750956233
000016.SH,上证50,2021,33,20210820,1834960826.228,151707087.0117839,168831731.73564798,1360690641.6120455,12.095419287073048,1.3485510740737323,10.86857788736735
000016.SH,上证50,2021,34,20210827,1858348488.305,151706422.26414835,171997286.48538488,1375837488.3975189,12.249636241960006,1.3507034834975147,10.804522131009954
000016.SH,上证50,2021,35,20210903,1904618989.707,151706659.2507404,178206204.0970812,1402260833.2775426,12.554616910778124,1.3582487255636186,10.68772548833049
000016.SH,上证50,2021,36,20210910,1953678567.453,151706634.10145763,178205713.19243488,1402232371.7916665,12.87800351661898,1.3932630616398745,10.963052376122905
000016.SH,上证50,2021,37,20210917,1914376396.752,151706813.49675542,178206547.56611636,1397934265.1435509,12.61892167284196,1.3694323434839168,10.742458248015538
000016.SH,上证50,2021,38,20210924,1905582080.392,151706633.4847029,178205788.17511144,1397901644.184884,12.560967418633982,1.363173216312471,10.693154806618885
000016.SH,上证50,2021,39,20210930,1931301647.263,151706884.5566436,178206456.20095563,1397919854.0070002,12.730481236281005,1.3815539150739673,10.837439273721685
000016.SH,上证50,2021,40,20211008,1967503637.901,151707132.1063261,178206305.71940345,1397926604.1783729,12.969091239046342,1.4074441619611313,11.040594943923887
000016.SH,上证50,2021,41,20211015,1977682785.4819999,151706435.89886028,178206210.65056103,1397945650.9916058,13.036248421263304,1.4147064902553035,11.097720883364588
000016.SH,上证50,2021,42,20211022,1986086893.2020001,151706897.03354317,178820855.949634,1399241582.7048678,13.091605800643764,1.4194024232489604,11.10657301495858
000016.SH,上证50,2021,43,20211029,1936670172.362,151706803.62467703,175005444.9915217,1423383778.4615288,12.765875531550492,1.3606099786069357,11.066342378408992
000016.SH,上证50,2021,44,20211105,1895385231.29,151707023.01062545,175619963.35324723,1436563859.1734254,12.493721079460167,1.3193880795390276,10.792538587868655
000016.SH,上证50,2021,45,20211112,1901981863.0249999,151706968.49299923,175620186.37773615,1436511441.7818832,12.537208289893222,1.3240283423470236,10.830086804110802
000016.SH,上证50,2021,46,20211119,1905800260.378,151706881.61192298,175620012.27648473,1436398466.841884,12.562385042315832,1.3267907926469453,10.851839922306986
000016.SH,上证50,2021,47,20211126,1889677593.488,151706703.46466056,175619501.98392662,1436410285.0054207,12.456124550410474,1.315555599409307,10.760066918199954
000016.SH,上证50,2021,48,20211203,1915397199.313,151706952.64955223,175619664.65989622,1436372508.351052,12.625638877195213,1.3334961426627872,10.906507554392297
000016.SH,上证50,2021,49,20211210,1979459468.838,151707032.04584226,175619796.08216807,1436412165.864191,13.047908472956312,1.3780581339250177,11.27127757232938
000016.SH,上证50,2021,50,20211217,1938577605.551,151706952.7034774,175619570.15509614,1437648652.5241199,12.778436129688103,1.3484362831957484,11.038505582487023
000016.SH,上证50,2021,51,20211224,1946662815.9520001,151706916.38227254,175619497.56695724,1437656905.8115046,12.831734125072982,1.3540524224402346,11.084548372596325
000016.SH,上证50,2021,52,20211231,1936458201.332,151706906.84833163,175619489.23763773,1437675358.0320616,12.764469604986187,1.3469370470275634,11.0264425078227
000016.SH,上证50,2022,1,20220107,2049062841.89,150550476.1707319,181111221.50345594,1421014119.7337823,13.610470680718795,1.4419721897442361,11.313837016172409
000016.SH,上证50,2022,2,20220114,2000077775.346,150550710.29319417,181634709.6782109,1424710533.8949406,13.285076978055386,1.403848520638149,11.011539473316489
000016.SH,上证50,2022,3,20220121,2042636777.152,150550146.90128258,182198297.06389087,1431977516.4393678,13.567816566073361,1.4264447267517475,11.211064044334702
000016.SH,上证50,2022,4,20220128,1951239089.695,150551124.67655405,182121589.17622265,1431972840.2078333,12.960641070513866,1.362622973639501,10.713936214376877
000016.SH,上证50,2022,6,20220211,2036984054.807,150550426.01628923,182121118.02317482,1431955344.7847486,13.530244375307198,1.4225192581778443,11.184776795340092
000016.SH,上证50,2022,7,20220218,2033235140.554,150550384.9678016,182414309.0035896,1433802333.039564,13.5053466717395,1.418072138468124,11.146248074837096
000016.SH,上证50,2022,8,20220225,1975649708.243,150550911.8665098,182414385.5124861,1433813291.2115078,13.122801341746541,1.3778988661582743,10.83055869027264
000016.SH,上证50,2022,9,20220304,1975118050.783,150550826.07506752,182414036.2840504,1434321220.0712304,13.119277404683043,1.3770402495229854,10.827664860764319
000016.SH,上证50,2022,10,20220311,1890764216.453,150551126.21927452,184019474.75974184,1434748390.811059,12.558950995153248,1.317836791846239,10.274804984209448
000016.SH,上证50,2022,11,20220318,1869551440.417,148451681.63033795,182134423.42890027,1438714714.8334649,12.593669670057372,1.2994594558194992,10.26467926941233
000016.SH,上证50,2022,12,20220325,1847005290.336,153874277.17845035,181920987.7454143,1436495883.05598,12.003340156678687,1.2857713775042003,10.152788379319679
000016.SH,上证50,2022,13,20220401,1909991527.92,182945145.12474748,185089188.69746417,1462041598.0131335,10.440241672538543,1.3063865833336177,10.319303582025848
000016.SH,上证50,2022,14,20220408,1905556847.617,182944813.0671269,185088930.02482533,1462053374.619464,10.41602008643888,1.3033428742729514,10.295358276485873
000016.SH,上证50,2022,15,20220415,1906657851.812,182948446.58945236,185445334.17110455,1463657376.9913666,10.421831326563042,1.30266678649292,10.281508889583531
000016.SH,上证50,2022,16,20220422,1847210107.974,183692416.1420289,185557850.91533235,1467454677.3326406,10.05599548838074,1.2587851171878317,9.954901389846652
000016.SH,上证50,2022,17,20220429,1838537793.43,184056451.0492315,184980801.82678917,1482749820.5233667,9.98898861164191,1.2399514523502357,9.939073543164524
000016.SH,上证50,2022,18,20220506,1791541619.95,184463720.7957863,187415205.20652208,1509249593.5308814,9.712162436175495,1.1870413135303206,9.559211687097703
000016.SH,上证50,2022,19,20220513,1806491875.49,184463509.5732071,187415408.49756774,1509170522.7178829,9.793220782092225,1.1970097800722133,9.63897200327285
000016.SH,上证50,2022,20,20220520,1835410443.138,184463897.74338734,187415318.54171023,1509148240.64248,9.94997105445147,1.216189631812858,9.793278678709074
000016.SH,上证50,2022,21,20220527,1824416546.305,184463337.55302262,187416135.6249641,1509153284.5622153,9.890401911331486,1.2089007557865392,9.734575628833877
000016.SH,上证50,2022,22,20220602,1835286661.276,184464515.61779588,187415425.52338213,1508085076.5698886,9.94926669299721,1.2169649377144725,9.792612620603249
000016.SH,上证50,2022,23,20220610,1896407916.121,184464415.59469062,187415811.18417537,1501501142.212433,10.28061650810653,1.2630079743573683,10.11871892845466
000016.SH,上证50,2022,24,20220617,1921198981.062,184464478.4794919,187414954.20414576,1499263497.6529045,10.41500779390213,1.2814285041086073,10.251044209467366
000016.SH,上证50,2022,25,20220624,1938684654.9390001,184464152.4929782,187415428.1115734,1493859983.497805,10.509817917130528,1.2977686505797272,10.344317298066034
000016.SH,上证50,2022,26,20220701,1969442438.833,178344462.43502307,181850483.5396436,1412114515.5468698,11.042913314735156,1.3946761520755941,10.830009359879758
000016.SH,上证50,2022,27,20220708,1943205219.717,178344187.1547272,181850785.6276418,1411339841.7894711,10.89581472050514,1.3768513877232886,10.685712536298373
000016.SH,上证50,2022,28,20220715,1833829819.986,178343876.48368073,181889467.17511407,1380213649.7690887,10.282549959901784,1.3286564875610394,10.082111122028197
000016.SH,上证50,2022,29,20220722,1847739635.916,178344250.6147784,181925305.83539352,1378515121.5394597,10.360522582290006,1.3403840168634007,10.156583920149291
000016.SH,上证50,2022,30,20220729,1818504839.435,178343662.35822386,181828571.2613956,1379323823.2202234,10.196632812117107,1.318403125373016,10.001205128652355
000016.SH,上证50,2022,31,20220805,1801315068.257,178343977.385149,182013871.85523117,1380138122.7482755,10.100229313417783,1.3051701409928687,9.896581232499226
000016.SH,上证50,2022,32,20220812,1820329174.125,178344494.97313341,182030277.27923125,1380480415.8827662,10.20681448227052,1.3186200638427505,10.000145038139161
000016.SH,上证50,2022,33,20220819,1796060501.424,178344532.5964238,182662168.3005531,1382874751.8493843,10.070734859522208,1.2987875431394222,9.832690141227024
000016.SH,上证50,2022,34,20220826,1816598885.216,178344158.0974861,184488675.4365937,1396579435.915595,10.18591752370725,1.300748699643455,9.846668804559448
000016.SH,上证50,2022,35,20220902,1798273311.988,178344144.3209295,187205802.44996825,1434624798.0155077,10.083164316020463,1.2534798746512128,9.605863111366958
000016.SH,上证50,2022,36,20220909,1832017523.248,178343787.2687181,187205569.39756945,1433495256.1624203,10.272393287732653,1.2780073846581503,9.786127245805037
000016.SH,上证50,2022,37,20220916,1785651031.782,178343992.97011304,187205593.82601303,1433512623.8766253,10.012397962185585,1.2456472318695684,9.538449120497788
000016.SH,上证50,2022,38,20220923,1767483664.931,178344317.79561245,187206062.03124017,1428056534.5127137,9.910512915564741,1.237684658985932,9.441380507411399
000016.SH,上证50,2022,39,20220930,1752394195.614,178343615.96631598,187206064.78604904,1428037161.4825964,9.825942947938081,1.2271348693717847,9.360776840305613
000016.SH,上证50,2022,41,20221014,1734510702.124,178344318.69386014,187206104.2460708,1428072152.548704,9.725629135971541,1.2145819796488506,9.265246499890267
000016.SH,上证50,2022,42,20221021,1683610347.828,178343884.4646557,188205000.4769745,1428741941.2911186,9.440247154433036,1.1783865925476809,8.945619635828844
000016.SH,上证50,2022,43,20221028,1590581623.901,178344686.10094377,188255529.5279831,1432614576.86226,8.91858153262119,1.1102648608984018,8.449056598173225
000016.SH,上证50,2022,44,20221104,1658883014.3,178344028.740624,188137393.0843457,1468552493.3254755,9.301589887893634,1.1296041658977602,8.817401937510052
000016.SH,上证50,2022,45,20221111,1694905854.3370001,178344412.73903164,188137812.8641286,1468564319.6437497,9.503554545424011,1.1541243591892232,9.008852758169596
000016.SH,上证50,2022,46,20221118,1705298331.076,178344280.3501927,188138126.4031658,1468570321.7909284,9.5618335935838,1.1611962367565625,9.064076291594796
000016.SH,上证50,2022,47,20221125,1724782992.674,178343747.91981515,188136966.44590357,1468583046.862246,9.671115543952103,1.1744538358652221,9.1676985403607
000016.SH,上证50,2022,48,20221202,1763250811.9490001,178344039.62283647,188137213.34184697,1468563045.9731212,9.88679417421484,1.2006640210537292,9.37215333760237
000016.SH,上证50,2022,49,20221209,1814758988.5509999,178344281.6665722,188137657.67022976,1468550274.49299,10.17559392200657,1.2357486291557411,9.645910398926802
000016.SH,上证50,2022,50,20221216,1804278307.719,178343853.0678204,188137181.70773292,1465341500.50928,10.116851669863111,1.2313022644154434,9.590227148836044
000016.SH,上证50,2022,51,20221223,1766497951.744,178344311.28147885,188137334.8247999,1465351804.2476873,9.904986254122543,1.2055111589062542,9.389406697979563
000016.SH,上证50,2022,52,20221230,1775222914.499,178344501.5167151,188138366.05415475,1462412199.644846,9.953897649783274,1.2139005096717066,9.435730477153237
000016.SH,上证50,2023,1,20230106,1802625568.912,177291366.31707674,188890066.56484,1416247710.4881027,10.167588001369984,1.2728179933231696,9.543252335575918
000016.SH,上证50,2023,2,20230113,1846073408.19,177291222.44543013,188799895.04126516,1416665088.6433558,10.412661059733049,1.3031120926103004,9.777936623251364
000016.SH,上证50,2023,3,20230120,1865959189.437,177291326.2625756,189277410.4181347,1421278817.1950254,10.524819396259913,1.3128734255813201,9.858330084477013
000016.SH,上证50,2023,5,20230203,1828389730.371,177290896.7029458,188778767.76689172,1421604594.2305117,10.312936334427262,1.2861450629741906,9.685356843883719
000016.SH,上证50,2023,6,20230210,1819445878.095,177291086.01746464,188630729.35570386,1423010341.8570955,10.262478046503531,1.2785893570671718,9.645543355049234
000016.SH,上证50,2023,7,20230217,1804876221.051,177291444.01529303,188382852.8343807,1423279449.1015182,10.180278191514493,1.2681109266282,9.580894406763132
000016.SH,上证50,2023,8,20230224,1821264553.856,177290971.1508017,188448673.0633453,1423264253.3547387,10.272742836446268,1.2796390758519687,9.66451248634581
000016.SH,上证50,2023,9,20230303,1860404809.7910001,177290538.99777818,188449325.4636957,1423239503.727019,10.493536881933192,1.3071621500943318,9.872175478544774
000016.SH,上证50,2023,10,20230310,1783297576.582,177291305.64417154,188445744.69877443,1423412501.3196208,10.058573205846466,1.25283259415576,9.463188353934733
000016.SH,上证50,2023,11,20230317,1798049559.333,175506661.67971477,187178397.03754678,1427057554.6173263,10.244907755206993,1.259969896459542,9.606074139914355
000016.SH,上证50,2023,12,20230324,1800316151.731,175036208.38805908,187167840.8156674,1427012237.3321924,10.285392767076283,1.2615982572768272,9.61872586596778
000016.SH,上证50,2023,13,20230331,1808625081.177,185695920.18439105,187142421.78212878,1448740401.7419875,9.73971361019178,1.248412123388208,9.66443131361526
000016.SH,上证50,2023,14,20230407,1825686911.7220001,184601352.00668335,187089053.66846955,1448908742.728567,9.889889168611845,1.260042718966475,9.758384448067185
000016.SH,上证50,2023,15,20230413,1837313527.557,184253841.76304436,187105723.82489356,1448701224.0784707,9.971642978928152,1.2682487575902535,9.8196543109311
